{"schemaVersion":"1.0","appDefinitionTemplate":{"id":"/providers/Microsoft.PowerApps/apps/","type":"Microsoft.PowerApps/apps","tags":{"minimumRequiredApiVersion":"2.2.0"},"properties":{"appVersion":"2018-04-06T10:02:38Z","lifeCycleId":"Published","createdByClientVersion":{"major":3,"minor":18041,"build":20,"revision":0,"majorRevision":0,"minorRevision":0},"minClientVersion":{"major":3,"minor":18041,"build":20,"revision":0,"majorRevision":0,"minorRevision":0},"backgroundColor":"rgba(0, 176, 240, 1)","backgroundImageUri":"/8721374905182716782/N4f3cbb11-076c-48a5-b5e5-927f7d9645f0-logoSmallFile","displayName":"ProdReporter","description":"","appUris":{"documentUri":{"value":"/8721374905182716782/N2e9febeb-4683-45ef-a820-062ea826b4cb-document.msapp","readonlyValue":"/8721374905182716782/N2e9febeb-4683-45ef-a820-062ea826b4cb-document.msapp"},"imageUris":[]},"createdTime":"0001-01-01T00:00:00Z","lastModifiedTime":"0001-01-01T00:00:00Z","sharedGroupsCount":0,"sharedUsersCount":0,"icons":{"smallIconUri":"/8721374905182716782/Nce5858fc-9069-4d33-8f14-c878154636a8-small.png","mediumIconUri":"/8721374905182716782/N88eb0fdc-e690-4201-bb78-e0a6f62a6bf4-medium.png","largeIconUri":"/8721374905182716782/N71dc72a3-e0b9-4d25-9f28-89a3a0eb7f0a-large.png","wideIconUri":"/8721374905182716782/N2232b0a9-562c-45f6-8e51-6a152b28379a-wide.png"},"connectionReferences":{"5cf44a4d-59a1-4f7b-969a-96386426f4a0":{"id":"825b79a3-e3ca-420f-b7c5-e57e32d3b591","displayName":"PostgreSQL","iconUri":"https://az818438.vo.msecnd.net/icons/postgresql.png","dataSources":["[dw].[EN-02_Std_PcsPerCycle]","[dw].[T08_ProductionShifts]","[dw].[T06_Machines]","[dw].[T07_ProductionStandards]","[dw].[PR-D1_Production]","[sc].[Packing_data]","[dw].[T01_References]","[dw].[C00_Sites]","[dw].[EN-01_Std_CyclesPerTime]","[prodReporter].[Jobs]","[prodReporter].[Machine_counters_data]","[prodReporter].[Lines_forInput]","[prodReporter].[Machine_counters_reset]","[prodReporter].[Machine_counters_defs]","[prodReporter].[Maint_Eqpt_lifetime]","[prodReporter].[Machine_counters_data_old]","[prodReporter].[HoursPerShift]","[prodReporter].[T01EXT_Weight]","[prodReporter].[Personal]","[dw].[PR-D1_Production]_1","[dw].[PR-D1_Production]_2","[dw].[PR-D1_Production]_3","[dw].[T14_TeamsHours]","[dw].[T15_ShiftManager]","[prodReporter].[CommentaryOfStops]"],"dependencies":[],"dependents":[],"parameterHints":{},"gatewayObjectIdHint":"2435763b-e8ee-4f98-8658-a9c3d4b4b1f8","isOnPremiseConnection":true,"sharedConnectionId":"ba8377e0-2533-4633-b8f3-b0a454aa7143","bypassConsent":false,"dataSets":{"default":{"dataSources":{"[dw].[EN-02_Std_PcsPerCycle]":{"tableName":"[dw].[EN-02_Std_PcsPerCycle]"},"[dw].[T08_ProductionShifts]":{"tableName":"[dw].[T08_ProductionShifts]"},"[dw].[T06_Machines]":{"tableName":"[dw].[T06_Machines]"},"[dw].[T07_ProductionStandards]":{"tableName":"[dw].[T07_ProductionStandards]"},"[dw].[PR-D1_Production]":{"tableName":"[dw].[PR-D1_Production]"},"[sc].[Packing_data]":{"tableName":"[sc].[Packing_data]"},"[dw].[T01_References]":{"tableName":"[dw].[T01_References]"},"[dw].[C00_Sites]":{"tableName":"[dw].[C00_Sites]"},"[dw].[EN-01_Std_CyclesPerTime]":{"tableName":"[dw].[EN-01_Std_CyclesPerTime]"},"[prodReporter].[Jobs]":{"tableName":"[prodReporter].[Jobs]"},"[prodReporter].[Machine_counters_data]":{"tableName":"[prodReporter].[Machine_counters_data]"},"[prodReporter].[Lines_forInput]":{"tableName":"[prodReporter].[Lines_forInput]"},"[prodReporter].[Machine_counters_defs]":{"tableName":"[prodReporter].[Machine_counters_defs]"},"[prodReporter].[Machine_counters_reset]":{"tableName":"[prodReporter].[Machine_counters_reset]"},"[prodReporter].[Maint_Eqpt_lifetime]":{"tableName":"[prodReporter].[Maint_Eqpt_lifetime]"},"[prodReporter].[Machine_counters_data_old]":{"tableName":"[prodReporter].[Machine_counters_data_old]"},"[prodReporter].[HoursPerShift]":{"tableName":"[prodReporter].[HoursPerShift]"},"[prodReporter].[T01EXT_Weight]":{"tableName":"[prodReporter].[T01EXT_Weight]"},"[prodReporter].[Personal]":{"tableName":"[prodReporter].[Personal]"},"[dw].[PR-D1_Production]_1":{"tableName":"[dw].[PR-D1_Production]"},"[dw].[PR-D1_Production]_2":{"tableName":"[dw].[PR-D1_Production]"},"[dw].[PR-D1_Production]_3":{"tableName":"[dw].[PR-D1_Production]"},"[dw].[T14_TeamsHours]":{"tableName":"[dw].[T14_TeamsHours]"},"[dw].[T15_ShiftManager]":{"tableName":"[dw].[T15_ShiftManager]"},"[prodReporter].[CommentaryOfStops]":{"tableName":"[prodReporter].[CommentaryOfStops]"}}}},"apiTier":"Premium"}},"entityReferences":{}}}}