{"schemaVersion":"1.0","appDefinitionTemplate":{"id":"/providers/Microsoft.PowerApps/apps/","type":"Microsoft.PowerApps/apps","tags":{"minimumRequiredApiVersion":"2.2.0"},"properties":{"appVersion":"2018-04-06T13:36:42Z","lifeCycleId":"Published","createdByClientVersion":{"major":3,"minor":18041,"build":20,"revision":0,"majorRevision":0,"minorRevision":0},"minClientVersion":{"major":3,"minor":18041,"build":20,"revision":0,"majorRevision":0,"minorRevision":0},"backgroundColor":"rgba(0, 176, 240, 1)","backgroundImageUri":"/16538434889957266351/N1404176c-a4f2-4f52-ad24-a9a0cea039c1-logoSmallFile","displayName":"CreateUserAzure","description":"","appUris":{"documentUri":{"value":"/16538434889957266351/N86adf0d7-c63e-4397-951a-f27fbaf3db6d-document.msapp","readonlyValue":"/16538434889957266351/N86adf0d7-c63e-4397-951a-f27fbaf3db6d-document.msapp"},"imageUris":[]},"createdTime":"0001-01-01T00:00:00Z","lastModifiedTime":"0001-01-01T00:00:00Z","sharedGroupsCount":0,"sharedUsersCount":0,"icons":{"smallIconUri":"/16538434889957266351/Nd6869686-c551-44e5-89ec-27b80f4263b9-small.png","mediumIconUri":"/16538434889957266351/N199db50f-8fde-40f2-87f9-47590888a6fb-medium.png","largeIconUri":"/16538434889957266351/Nd9c00db3-3dce-44e0-8dba-934fdb5007c9-large.png","wideIconUri":"/16538434889957266351/N91ccfda4-6de2-41a0-a98f-acf649b83fe3-wide.png"},"connectionReferences":{"1e99a6e2-3bed-4629-b848-87cea1f3ca48":{"id":"ffea0eff-af3f-4b2d-ad00-92104bc36ff4","displayName":"SharePoint","iconUri":"https://az818438.vo.msecnd.net/icons/sharepointonline.png","dataSources":["NewUser"],"dependencies":[],"dependents":[],"parameterHints":{},"isOnPremiseConnection":false,"bypassConsent":false,"dataSets":{"https://avocarbon.sharepoint.com/sites/test":{"dataSources":{"NewUser":{"tableName":"d797063f-14a3-4419-a753-0be066fbb654"}}}},"apiTier":"Standard"}},"entityReferences":{}}}}