{"schemaVersion":"1.0","appDefinitionTemplate":{"id":"/providers/Microsoft.PowerApps/apps/","type":"Microsoft.PowerApps/apps","tags":{"minimumRequiredApiVersion":"2.2.0"},"properties":{"appVersion":"2018-04-26T08:41:34Z","lifeCycleId":"Published","createdByClientVersion":{"major":3,"minor":18043,"build":22,"revision":0,"majorRevision":0,"minorRevision":0},"minClientVersion":{"major":3,"minor":18043,"build":22,"revision":0,"majorRevision":0,"minorRevision":0},"backgroundColor":"rgba(0, 176, 240, 1)","backgroundImageUri":"/4753798569196787454/N63815caf-9343-4b2c-b804-11d6233325d3-logoSmallFile","displayName":"NewUserAzureAd","description":"","appUris":{"documentUri":{"value":"/4753798569196787454/Ned88fb97-0e00-48e4-9986-d291de09b5f9-document.msapp","readonlyValue":"/4753798569196787454/Ned88fb97-0e00-48e4-9986-d291de09b5f9-document.msapp"},"imageUris":[]},"createdTime":"0001-01-01T00:00:00Z","lastModifiedTime":"0001-01-01T00:00:00Z","sharedGroupsCount":0,"sharedUsersCount":0,"icons":{"smallIconUri":"/4753798569196787454/Nc8479344-b254-4cdf-b3c2-c3453538193a-small.png","mediumIconUri":"/4753798569196787454/Na0b54e33-04f8-4bca-8a25-76ff527863e9-medium.png","largeIconUri":"/4753798569196787454/Nac1cdb50-21e3-43c3-b6e7-d4e21f604d50-large.png","wideIconUri":"/4753798569196787454/Nd49015c4-b78a-4611-a4bc-3bec87f4f884-wide.png"},"connectionReferences":{"568f68ea-3579-4219-bc39-02dff81fbb6b":{"id":"ffea0eff-af3f-4b2d-ad00-92104bc36ff4","displayName":"SharePoint","iconUri":"https://az818438.vo.msecnd.net/officialicons/sharepointonline/icon_1.0.959.1142_16fa2b81-a493-479f-930a-a05fef0a2c67.png","dataSources":["CreateUserAzureAd","HR","HR_1","Site"],"dependencies":[],"dependents":[],"parameterHints":{},"isOnPremiseConnection":false,"bypassConsent":false,"dataSets":{"https://avocarbon.sharepoint.com/sites/Corp-ProdAutomationworkflow":{"dataSources":{"CreateUserAzureAd":{"tableName":"b66dae80-4041-4505-aed7-23fa96fd0954"},"HR":{"tableName":"9435c68e-5bc8-4a07-a6c5-7790fd27b467"},"HR_1":{"tableName":"9435c68e-5bc8-4a07-a6c5-7790fd27b467"},"Site":{"tableName":"0cadcd23-1754-4ea5-87b5-48cb9e505214"}}}},"apiTier":"Standard"}},"entityReferences":{}}}}